{
  "honcho": {
    "category_counts": {
      "2": 37,
      "3": 13,
      "1": 32,
      "4": 70,
      "5": 47
    },
    "cum_accuracy_by_category": {
      "2": 9.158000000000001,
      "3": 1.4719999999999998,
      "1": 8.757000000000001,
      "4": 18.977999999999998,
      "5": 40
    },
    "category_counts_by_memory": {
      "2": {
        "1": 1,
        "2": 2,
        "4": 1,
        "5": 1,
        "8": 2,
        "10": 1,
        "14": 1,
        "15": 2,
        "16": 1,
        "18": 1,
        "19": 1,
        "23": 1,
        "21": 1,
        "11": 1,
        "13": 1,
        "26": 2,
        "29": 1,
        "32": 1,
        "33": 1,
        "37": 1,
        "38": 1,
        "39": 1,
        "41": 2,
        "46": 1,
        "47": 1,
        "49": 1,
        "51": 1,
        "54": 1,
        "55": 1,
        "57": 1,
        "60": 2
      },
      "3": {
        "1": 1,
        "7": 1,
        "16": 1,
        "18": 2,
        "30": 1,
        "35": 2,
        "49": 1,
        "57": 1,
        "60": 1
      },
      "1": {
        "4": 1,
        "1": 3,
        "5": 1,
        "8": 2,
        "2": 3,
        "11": 2,
        "16": 1,
        "14": 2,
        "6": 1,
        "24": 1,
        "13": 1,
        "17": 1,
        "28": 1,
        "20": 3,
        "22": 1,
        "10": 1,
        "3": 1,
        "32": 1,
        "34": 1,
        "30": 1,
        "48": 1,
        "57": 1,
        "59": 1
      },
      "4": {
        "3": 3,
        "4": 3,
        "5": 2,
        "9": 1,
        "10": 4,
        "11": 1,
        "12": 5,
        "14": 1,
        "16": 2,
        "20": 3,
        "21": 3,
        "22": 3,
        "23": 3,
        "28": 1,
        "30": 1,
        "31": 2,
        "32": 2,
        "36": 1,
        "38": 2,
        "39": 2,
        "43": 1,
        "44": 1,
        "49": 3,
        "51": 1,
        "53": 1,
        "54": 1,
        "55": 3,
        "56": 3,
        "57": 3,
        "58": 5,
        "59": 3
      },
      "5": {
        "3": 1,
        "4": 3,
        "5": 1,
        "10": 5,
        "11": 1,
        "12": 4,
        "14": 1,
        "20": 1,
        "21": 2,
        "23": 1,
        "28": 2,
        "30": 1,
        "31": 2,
        "36": 1,
        "38": 1,
        "39": 2,
        "43": 1,
        "44": 1,
        "49": 4,
        "53": 1,
        "55": 2,
        "56": 1,
        "57": 1,
        "58": 5,
        "59": 1,
        "60": 1
      }
    },
    "cum_accuracy_by_category_by_memory": {
      "2": {
        "1": 1.0,
        "2": 0.893,
        "4": 0.068,
        "5": 0,
        "8": 0.801,
        "10": 0.028,
        "14": 0.129,
        "15": 0.235,
        "16": 0,
        "18": 0.667,
        "19": 0,
        "23": 0.207,
        "21": 0.75,
        "11": 0.115,
        "13": 0,
        "26": 0.213,
        "29": 0.75,
        "32": 0.083,
        "33": 0,
        "37": 0,
        "38": 0.118,
        "39": 0.75,
        "41": 0.833,
        "46": 0,
        "47": 0.154,
        "49": 0.2,
        "51": 0.095,
        "54": 0,
        "55": 0.148,
        "57": 0.171,
        "60": 0.75
      },
      "3": {
        "1": 0.133,
        "7": 0.03,
        "16": 0.182,
        "18": 0.4,
        "30": 0.095,
        "35": 0.061,
        "49": 0.071,
        "57": 0.065,
        "60": 0.037
      },
      "1": {
        "4": 0.0,
        "1": 1.2149999999999999,
        "5": 1.0,
        "8": 0.741,
        "2": 1.122,
        "11": 0.267,
        "16": 0.0,
        "14": 1.033,
        "6": 0.0,
        "24": 0.0,
        "13": 0.285,
        "17": 0.0,
        "28": 0.182,
        "20": 1.0,
        "22": 0.0,
        "10": 0.071,
        "3": 0.308,
        "32": 0.0,
        "34": 0.3,
        "30": 0.0,
        "48": 0.733,
        "57": 0.0,
        "59": 0.5
      },
      "4": {
        "3": 0.387,
        "4": 1.505,
        "5": 0.188,
        "9": 0,
        "10": 0.154,
        "11": 0.286,
        "12": 2.584,
        "14": 0,
        "16": 0.842,
        "20": 1.58,
        "21": 1.022,
        "22": 1.0,
        "23": 1.0,
        "28": 0.471,
        "30": 1.0,
        "31": 0,
        "32": 0.5,
        "36": 0.103,
        "38": 0.333,
        "39": 0.571,
        "43": 0,
        "44": 0,
        "49": 3.0,
        "51": 0.5,
        "53": 0,
        "54": 0,
        "55": 0,
        "56": 0.595,
        "57": 0.083,
        "58": 0.37,
        "59": 0.904
      },
      "5": {
        "3": 1,
        "4": 3,
        "5": 1,
        "10": 4,
        "11": 1,
        "12": 4,
        "14": 1,
        "20": 1,
        "21": 1,
        "23": 1,
        "28": 1,
        "30": 1,
        "31": 2,
        "36": 0,
        "38": 1,
        "39": 1,
        "43": 1,
        "44": 1,
        "49": 3,
        "53": 1,
        "55": 2,
        "56": 1,
        "57": 1,
        "58": 4,
        "59": 1,
        "60": 1
      }
    },
    "context_length_counts": {
      "0": 4,
      "4": 1,
      "2": 1,
      "11": 1,
      "25": 1,
      "15": 1,
      "5": 1,
      "3": 1,
      "8": 1,
      "23": 1,
      "21": 1,
      "24": 2,
      "16": 2,
      "13": 1,
      "7": 1,
      "28": 1,
      "38": 1,
      "19": 2,
      "20": 2,
      "34": 1,
      "46": 1,
      "9": 1,
      "36": 1,
      "1": 1,
      "41": 1
    },
    "cum_accuracy_by_context_length": {
      "0": 0.833,
      "4": 1.0,
      "2": 0.0,
      "11": 0.615,
      "25": 0.75,
      "15": 0.267,
      "5": 0.0,
      "3": 0.0,
      "8": 0.833,
      "23": 0.267,
      "21": 0.0,
      "24": 0.35,
      "16": 0.285,
      "13": 0.0,
      "7": 0.182,
      "28": 0.741,
      "38": 0.222,
      "19": 1.3,
      "20": 0.0,
      "34": 0.071,
      "46": 0.308,
      "9": 0.733,
      "36": 0.0,
      "1": 0.0,
      "41": 0.0
    }
  }
}