{
  "honcho": {
    "category_counts": {
      "2": 37,
      "3": 13,
      "1": 32,
      "4": 70,
      "5": 47
    },
    "cum_accuracy_by_category": {
      "2": 2.1849999999999996,
      "3": 2.888,
      "1": 6.165000000000001,
      "4": 17.139000000000006,
      "5": 45
    },
    "category_counts_by_memory": {
      "2": {
        "1": 1,
        "2": 2,
        "4": 1,
        "5": 1,
        "8": 2,
        "10": 1,
        "14": 1,
        "15": 2,
        "16": 1,
        "18": 1,
        "19": 1,
        "23": 1,
        "21": 1,
        "11": 1,
        "13": 1,
        "26": 2,
        "29": 1,
        "32": 1,
        "33": 1,
        "37": 1,
        "38": 1,
        "39": 1,
        "41": 2,
        "46": 1,
        "47": 1,
        "49": 1,
        "51": 1,
        "54": 1,
        "55": 1,
        "57": 1,
        "60": 2
      },
      "3": {
        "1": 1,
        "7": 1,
        "16": 1,
        "18": 2,
        "30": 1,
        "35": 2,
        "49": 1,
        "57": 1,
        "60": 1
      },
      "1": {
        "4": 1,
        "1": 3,
        "5": 1,
        "8": 2,
        "2": 3,
        "11": 2,
        "16": 1,
        "14": 2,
        "6": 1,
        "24": 1,
        "13": 1,
        "17": 1,
        "28": 1,
        "20": 3,
        "22": 1,
        "10": 1,
        "3": 1,
        "32": 1,
        "34": 1,
        "30": 1,
        "48": 1,
        "57": 1,
        "59": 1
      },
      "4": {
        "3": 3,
        "4": 3,
        "5": 2,
        "9": 1,
        "10": 4,
        "11": 1,
        "12": 5,
        "14": 1,
        "16": 2,
        "20": 3,
        "21": 3,
        "22": 3,
        "23": 3,
        "28": 1,
        "30": 1,
        "31": 2,
        "32": 2,
        "36": 1,
        "38": 2,
        "39": 2,
        "43": 1,
        "44": 1,
        "49": 3,
        "51": 1,
        "53": 1,
        "54": 1,
        "55": 3,
        "56": 3,
        "57": 3,
        "58": 5,
        "59": 3
      },
      "5": {
        "3": 1,
        "4": 3,
        "5": 1,
        "10": 5,
        "11": 1,
        "12": 4,
        "14": 1,
        "20": 1,
        "21": 2,
        "23": 1,
        "28": 2,
        "30": 1,
        "31": 2,
        "36": 1,
        "38": 1,
        "39": 2,
        "43": 1,
        "44": 1,
        "49": 4,
        "53": 1,
        "55": 2,
        "56": 1,
        "57": 1,
        "58": 5,
        "59": 1,
        "60": 1
      }
    },
    "cum_accuracy_by_category_by_memory": {
      "2": {
        "1": 0,
        "2": 0.25,
        "4": 0,
        "5": 0.25,
        "8": 0.821,
        "10": 0,
        "14": 0,
        "15": 0,
        "16": 0,
        "18": 0,
        "19": 0,
        "23": 0,
        "21": 0.182,
        "11": 0.25,
        "13": 0,
        "26": 0.182,
        "29": 0,
        "32": 0,
        "33": 0.25,
        "37": 0,
        "38": 0,
        "39": 0,
        "41": 0,
        "46": 0,
        "47": 0,
        "49": 0,
        "51": 0,
        "54": 0,
        "55": 0,
        "57": 0,
        "60": 0
      },
      "3": {
        "1": 0.286,
        "7": 0.087,
        "16": 0,
        "18": 0.4,
        "30": 1.0,
        "35": 0,
        "49": 0.056,
        "57": 0.4,
        "60": 0.5
      },
      "1": {
        "4": 0.0,
        "1": 1.1820000000000002,
        "5": 1.0,
        "8": 1.333,
        "2": 0.639,
        "11": 0.0,
        "16": 0.0,
        "14": 0.5,
        "6": 0.0,
        "24": 0.0,
        "13": 0.121,
        "17": 0.0,
        "28": 0.154,
        "20": 0.444,
        "22": 0.0,
        "10": 0.667,
        "3": 0.0,
        "32": 0.0,
        "34": 0.125,
        "30": 0.0,
        "48": 0.0,
        "57": 0.0,
        "59": 0.0
      },
      "4": {
        "3": 0.061,
        "4": 1.25,
        "5": 0.375,
        "9": 0,
        "10": 1.286,
        "11": 0.875,
        "12": 3.464,
        "14": 0.4,
        "16": 1.0,
        "20": 1.182,
        "21": 1.334,
        "22": 0,
        "23": 1.186,
        "28": 0.154,
        "30": 1.0,
        "31": 0,
        "32": 0,
        "36": 0,
        "38": 0.444,
        "39": 0,
        "43": 1.0,
        "44": 0,
        "49": 1.0,
        "51": 0,
        "53": 0,
        "54": 0,
        "55": 0.286,
        "56": 0.308,
        "57": 0.367,
        "58": 0.167,
        "59": 0
      },
      "5": {
        "3": 1,
        "4": 3,
        "5": 1,
        "10": 4,
        "11": 1,
        "12": 4,
        "14": 1,
        "20": 1,
        "21": 2,
        "23": 1,
        "28": 2,
        "30": 1,
        "31": 2,
        "36": 1,
        "38": 1,
        "39": 2,
        "43": 1,
        "44": 1,
        "49": 4,
        "53": 1,
        "55": 2,
        "56": 0,
        "57": 1,
        "58": 5,
        "59": 1,
        "60": 1
      }
    },
    "context_length_counts": {
      "0": 4,
      "4": 1,
      "2": 1,
      "11": 1,
      "25": 1,
      "15": 1,
      "5": 1,
      "3": 1,
      "8": 1,
      "23": 1,
      "21": 1,
      "24": 2,
      "16": 2,
      "13": 1,
      "7": 1,
      "28": 1,
      "38": 1,
      "19": 2,
      "20": 2,
      "34": 1,
      "46": 1,
      "9": 1,
      "36": 1,
      "1": 1,
      "41": 1
    },
    "cum_accuracy_by_context_length": {
      "0": 0.4,
      "4": 1.0,
      "2": 1.0,
      "11": 0.615,
      "25": 0.35,
      "15": 0.0,
      "5": 0.0,
      "3": 0.0,
      "8": 0.5,
      "23": 0.167,
      "21": 0.0,
      "24": 0.067,
      "16": 0.121,
      "13": 0.0,
      "7": 0.154,
      "28": 0.333,
      "38": 0.222,
      "19": 0.569,
      "20": 0.0,
      "34": 0.667,
      "46": 0.0,
      "9": 0.0,
      "36": 0.0,
      "1": 0.0,
      "41": 0.0
    }
  }
}