{
  "honcho": {
    "category_counts": {
      "2": 37,
      "3": 13,
      "1": 32,
      "4": 70,
      "5": 47
    },
    "cum_accuracy_by_category": {
      "2": 9.699,
      "3": 3.5050000000000003,
      "1": 8.921999999999999,
      "4": 12.198,
      "5": 43
    },
    "category_counts_by_memory": {
      "2": {
        "1": 1,
        "2": 2,
        "4": 1,
        "5": 1,
        "8": 2,
        "10": 1,
        "14": 1,
        "15": 2,
        "16": 1,
        "18": 1,
        "19": 1,
        "23": 1,
        "21": 1,
        "11": 1,
        "13": 1,
        "26": 2,
        "29": 1,
        "32": 1,
        "33": 1,
        "37": 1,
        "38": 1,
        "39": 1,
        "41": 2,
        "46": 1,
        "47": 1,
        "49": 1,
        "51": 1,
        "54": 1,
        "55": 1,
        "57": 1,
        "60": 2
      },
      "3": {
        "1": 1,
        "7": 1,
        "16": 1,
        "18": 2,
        "30": 1,
        "35": 2,
        "49": 1,
        "57": 1,
        "60": 1
      },
      "1": {
        "4": 1,
        "1": 3,
        "5": 1,
        "8": 2,
        "2": 3,
        "11": 2,
        "16": 1,
        "14": 2,
        "6": 1,
        "24": 1,
        "13": 1,
        "17": 1,
        "28": 1,
        "20": 3,
        "22": 1,
        "10": 1,
        "3": 1,
        "32": 1,
        "34": 1,
        "30": 1,
        "48": 1,
        "57": 1,
        "59": 1
      },
      "4": {
        "3": 3,
        "4": 3,
        "5": 2,
        "9": 1,
        "10": 4,
        "11": 1,
        "12": 5,
        "14": 1,
        "16": 2,
        "20": 3,
        "21": 3,
        "22": 3,
        "23": 3,
        "28": 1,
        "30": 1,
        "31": 2,
        "32": 2,
        "36": 1,
        "38": 2,
        "39": 2,
        "43": 1,
        "44": 1,
        "49": 3,
        "51": 1,
        "53": 1,
        "54": 1,
        "55": 3,
        "56": 3,
        "57": 3,
        "58": 5,
        "59": 3
      },
      "5": {
        "3": 1,
        "4": 3,
        "5": 1,
        "10": 5,
        "11": 1,
        "12": 4,
        "14": 1,
        "20": 1,
        "21": 2,
        "23": 1,
        "28": 2,
        "30": 1,
        "31": 2,
        "36": 1,
        "38": 1,
        "39": 2,
        "43": 1,
        "44": 1,
        "49": 4,
        "53": 1,
        "55": 2,
        "56": 1,
        "57": 1,
        "58": 5,
        "59": 1,
        "60": 1
      }
    },
    "cum_accuracy_by_category_by_memory": {
      "2": {
        "1": 1.0,
        "2": 0.5,
        "4": 0,
        "5": 0.667,
        "8": 0.222,
        "10": 0,
        "14": 1.0,
        "15": 1.0,
        "16": 0,
        "18": 0.286,
        "19": 0,
        "23": 0,
        "21": 0.6,
        "11": 0.545,
        "13": 0.25,
        "26": 0.444,
        "29": 0.222,
        "32": 0.333,
        "33": 0.25,
        "37": 0,
        "38": 0.75,
        "39": 0.444,
        "41": 0,
        "46": 0,
        "47": 0,
        "49": 0,
        "51": 0,
        "54": 0,
        "55": 0.4,
        "57": 0.286,
        "60": 0.5
      },
      "3": {
        "1": 0.286,
        "7": 0.4,
        "16": 0,
        "18": 0.4,
        "30": 1.0,
        "35": 0.4,
        "49": 0.286,
        "57": 0.2,
        "60": 0.2
      },
      "1": {
        "4": 1.0,
        "1": 1.4369999999999998,
        "5": 0.0,
        "8": 0.722,
        "2": 1.291,
        "11": 0.444,
        "16": 0.0,
        "14": 1.0,
        "6": 0.1,
        "24": 0.286,
        "13": 0.321,
        "17": 0.0,
        "28": 0.154,
        "20": 1.0,
        "22": 0.0,
        "10": 0.167,
        "3": 0.0,
        "32": 0.5,
        "34": 0.333,
        "30": 0.0,
        "48": 0.167,
        "57": 0.0,
        "59": 0.0
      },
      "4": {
        "3": 1.2610000000000001,
        "4": 0,
        "5": 0.182,
        "9": 0,
        "10": 2.2,
        "11": 0,
        "12": 0.772,
        "14": 0,
        "16": 0,
        "20": 0.286,
        "21": 1.6,
        "22": 0,
        "23": 0,
        "28": 0,
        "30": 0,
        "31": 0,
        "32": 1.4,
        "36": 0,
        "38": 0.9530000000000001,
        "39": 1.0,
        "43": 0,
        "44": 0,
        "49": 0,
        "51": 0.5,
        "53": 0,
        "54": 0,
        "55": 0.5,
        "56": 0,
        "57": 0.6,
        "58": 0.944,
        "59": 0
      },
      "5": {
        "3": 1,
        "4": 3,
        "5": 1,
        "10": 4,
        "11": 1,
        "12": 3,
        "14": 1,
        "20": 1,
        "21": 1,
        "23": 1,
        "28": 2,
        "30": 1,
        "31": 2,
        "36": 1,
        "38": 1,
        "39": 1,
        "43": 1,
        "44": 1,
        "49": 4,
        "53": 1,
        "55": 2,
        "56": 1,
        "57": 1,
        "58": 5,
        "59": 1,
        "60": 1
      }
    },
    "context_length_counts": {
      "0": 4,
      "4": 1,
      "2": 1,
      "11": 1,
      "25": 1,
      "15": 1,
      "5": 1,
      "3": 1,
      "8": 1,
      "23": 1,
      "21": 1,
      "24": 2,
      "16": 2,
      "13": 1,
      "7": 1,
      "28": 1,
      "38": 1,
      "19": 2,
      "20": 2,
      "34": 1,
      "46": 1,
      "9": 1,
      "36": 1,
      "1": 1,
      "41": 1
    },
    "cum_accuracy_by_context_length": {
      "0": 1.508,
      "4": 0.0,
      "2": 0.0,
      "11": 0.615,
      "25": 0.625,
      "15": 0.444,
      "5": 0.0,
      "3": 0.0,
      "8": 1.0,
      "23": 0.6,
      "21": 0.1,
      "24": 0.333,
      "16": 0.821,
      "13": 0.0,
      "7": 0.154,
      "28": 0.722,
      "38": 0.333,
      "19": 1.333,
      "20": 0.0,
      "34": 0.167,
      "46": 0.0,
      "9": 0.167,
      "36": 0.0,
      "1": 0.0,
      "41": 0.0
    }
  }
}