{
  "honcho": {
    "category_counts": {
      "2": 37,
      "3": 13,
      "1": 32,
      "4": 70,
      "5": 47
    },
    "cum_accuracy_by_category": {
      "2": 2.784,
      "3": 3.719,
      "1": 6.3999999999999995,
      "4": 21.052999999999994,
      "5": 39
    },
    "category_counts_by_memory": {
      "2": {
        "1": 1,
        "2": 2,
        "4": 1,
        "5": 1,
        "8": 2,
        "10": 1,
        "14": 1,
        "15": 2,
        "16": 1,
        "18": 1,
        "19": 1,
        "23": 1,
        "21": 1,
        "11": 1,
        "13": 1,
        "26": 2,
        "29": 1,
        "32": 1,
        "33": 1,
        "37": 1,
        "38": 1,
        "39": 1,
        "41": 2,
        "46": 1,
        "47": 1,
        "49": 1,
        "51": 1,
        "54": 1,
        "55": 1,
        "57": 1,
        "60": 2
      },
      "3": {
        "1": 1,
        "7": 1,
        "16": 1,
        "18": 2,
        "30": 1,
        "35": 2,
        "49": 1,
        "57": 1,
        "60": 1
      },
      "1": {
        "4": 1,
        "1": 3,
        "5": 1,
        "8": 2,
        "2": 3,
        "11": 2,
        "16": 1,
        "14": 2,
        "6": 1,
        "24": 1,
        "13": 1,
        "17": 1,
        "28": 1,
        "20": 3,
        "22": 1,
        "10": 1,
        "3": 1,
        "32": 1,
        "34": 1,
        "30": 1,
        "48": 1,
        "57": 1,
        "59": 1
      },
      "4": {
        "3": 3,
        "4": 3,
        "5": 2,
        "9": 1,
        "10": 4,
        "11": 1,
        "12": 5,
        "14": 1,
        "16": 2,
        "20": 3,
        "21": 3,
        "22": 3,
        "23": 3,
        "28": 1,
        "30": 1,
        "31": 2,
        "32": 2,
        "36": 1,
        "38": 2,
        "39": 2,
        "43": 1,
        "44": 1,
        "49": 3,
        "51": 1,
        "53": 1,
        "54": 1,
        "55": 3,
        "56": 3,
        "57": 3,
        "58": 5,
        "59": 3
      },
      "5": {
        "3": 1,
        "4": 3,
        "5": 1,
        "10": 5,
        "11": 1,
        "12": 4,
        "14": 1,
        "20": 1,
        "21": 2,
        "23": 1,
        "28": 2,
        "30": 1,
        "31": 2,
        "36": 1,
        "38": 1,
        "39": 2,
        "43": 1,
        "44": 1,
        "49": 4,
        "53": 1,
        "55": 2,
        "56": 1,
        "57": 1,
        "58": 5,
        "59": 1,
        "60": 1
      }
    },
    "cum_accuracy_by_category_by_memory": {
      "2": {
        "1": 0,
        "2": 0.444,
        "4": 0,
        "5": 0,
        "8": 0.864,
        "10": 0,
        "14": 0,
        "15": 0,
        "16": 0,
        "18": 0,
        "19": 0,
        "23": 0.182,
        "21": 0.2,
        "11": 0.222,
        "13": 0,
        "26": 0.2,
        "29": 0.2,
        "32": 0,
        "33": 0,
        "37": 0,
        "38": 0,
        "39": 0,
        "41": 0.25,
        "46": 0,
        "47": 0,
        "49": 0,
        "51": 0,
        "54": 0,
        "55": 0,
        "57": 0,
        "60": 0.222
      },
      "3": {
        "1": 0.444,
        "7": 0.4,
        "16": 0.188,
        "18": 0.4,
        "30": 1.0,
        "35": 0.167,
        "49": 0.333,
        "57": 0,
        "60": 0.5
      },
      "1": {
        "4": 0.0,
        "1": 0.238,
        "5": 0.0,
        "8": 0.667,
        "2": 0.111,
        "11": 0.167,
        "16": 0.0,
        "14": 1.0,
        "6": 0.0,
        "24": 1.0,
        "13": 0.336,
        "17": 0.0,
        "28": 0.182,
        "20": 1.889,
        "22": 0.0,
        "10": 0.0,
        "3": 0.667,
        "32": 0.0,
        "34": 0.143,
        "30": 0.0,
        "48": 0.0,
        "57": 0.0,
        "59": 0.0
      },
      "4": {
        "3": 1.0,
        "4": 1.476,
        "5": 0,
        "9": 0,
        "10": 0.9,
        "11": 0.875,
        "12": 2.3,
        "14": 1.0,
        "16": 1.842,
        "20": 1.0,
        "21": 1.0,
        "22": 0,
        "23": 1.75,
        "28": 0,
        "30": 0.25,
        "31": 0,
        "32": 0,
        "36": 0.154,
        "38": 0.75,
        "39": 1.0,
        "43": 1.0,
        "44": 0,
        "49": 3.0,
        "51": 0.5,
        "53": 0,
        "54": 0.519,
        "55": 0,
        "56": 0.154,
        "57": 0,
        "58": 0.25,
        "59": 0.333
      },
      "5": {
        "3": 1,
        "4": 3,
        "5": 0,
        "10": 4,
        "11": 1,
        "12": 3,
        "14": 1,
        "20": 1,
        "21": 0,
        "23": 1,
        "28": 1,
        "30": 1,
        "31": 2,
        "36": 1,
        "38": 1,
        "39": 1,
        "43": 1,
        "44": 0,
        "49": 4,
        "53": 1,
        "55": 2,
        "56": 1,
        "57": 1,
        "58": 5,
        "59": 1,
        "60": 1
      }
    },
    "context_length_counts": {
      "0": 4,
      "4": 1,
      "2": 1,
      "11": 1,
      "25": 1,
      "15": 1,
      "5": 1,
      "3": 1,
      "8": 1,
      "23": 1,
      "21": 1,
      "24": 2,
      "16": 2,
      "13": 1,
      "7": 1,
      "28": 1,
      "38": 1,
      "19": 2,
      "20": 2,
      "34": 1,
      "46": 1,
      "9": 1,
      "36": 1,
      "1": 1,
      "41": 1
    },
    "cum_accuracy_by_context_length": {
      "0": 1.143,
      "4": 0.0,
      "2": 0.0,
      "11": 0.0,
      "25": 0.0,
      "15": 0.0,
      "5": 0.167,
      "3": 0.0,
      "8": 0.5,
      "23": 0.095,
      "21": 0.0,
      "24": 0.611,
      "16": 0.336,
      "13": 0.0,
      "7": 0.182,
      "28": 0.667,
      "38": 0.0,
      "19": 1.032,
      "20": 0.0,
      "34": 0.0,
      "46": 0.667,
      "9": 0.0,
      "36": 0.5,
      "1": 0.0,
      "41": 0.5
    }
  }
}