{
  "honcho": {
    "category_counts": {
      "2": 321,
      "1": 282,
      "3": 96,
      "4": 841,
      "5": 446
    },
    "cum_accuracy_by_category": {
      "2": 7.140000000000001,
      "1": 63.95900000000003,
      "3": 11.757,
      "4": 180.0319999999999,
      "5": 415
    },
    "category_counts_by_memory": {
      "2": {
        "39": 5,
        "3": 12,
        "7": 2,
        "9": 4,
        "18": 4,
        "21": 6,
        "25": 1,
        "31": 3,
        "35": 7,
        "37": 5,
        "47": 3,
        "51": 4,
        "56": 2,
        "64": 2,
        "70": 2,
        "75": 4,
        "78": 3,
        "80": 2,
        "83": 5,
        "84": 4,
        "87": 2,
        "88": 3,
        "90": 1,
        "1": 12,
        "2": 5,
        "4": 8,
        "5": 8,
        "8": 7,
        "10": 5,
        "14": 4,
        "15": 9,
        "16": 6,
        "19": 5,
        "23": 2,
        "11": 5,
        "13": 5,
        "26": 6,
        "29": 2,
        "32": 6,
        "33": 7,
        "38": 7,
        "41": 5,
        "46": 6,
        "49": 5,
        "54": 5,
        "55": 4,
        "57": 1,
        "60": 8,
        "24": 3,
        "28": 4,
        "30": 4,
        "36": 5,
        "40": 5,
        "45": 5,
        "22": 6,
        "27": 1,
        "44": 3,
        "43": 5,
        "48": 4,
        "52": 4,
        "66": 3,
        "76": 2,
        "6": 3,
        "65": 2,
        "67": 1,
        "71": 1,
        "81": 2,
        "20": 3,
        "59": 2,
        "74": 3,
        "72": 2,
        "86": 1,
        "85": 1,
        "17": 2,
        "50": 2,
        "58": 1,
        "63": 3,
        "79": 1,
        "82": 1,
        "53": 1,
        "62": 1,
        "34": 1,
        "42": 1,
        "69": 1,
        "73": 1,
        "77": 1
      },
      "1": {
        "1": 32,
        "3": 16,
        "9": 9,
        "14": 7,
        "16": 9,
        "8": 8,
        "18": 3,
        "21": 3,
        "31": 8,
        "6": 9,
        "23": 4,
        "32": 4,
        "48": 2,
        "49": 4,
        "54": 1,
        "22": 3,
        "46": 4,
        "73": 1,
        "77": 1,
        "65": 2,
        "7": 7,
        "87": 2,
        "4": 13,
        "5": 10,
        "2": 19,
        "11": 8,
        "24": 3,
        "13": 4,
        "17": 5,
        "28": 4,
        "20": 6,
        "10": 3,
        "34": 4,
        "30": 2,
        "57": 2,
        "59": 1,
        "19": 2,
        "36": 5,
        "29": 7,
        "35": 3,
        "51": 3,
        "62": 1,
        "25": 2,
        "42": 1,
        "33": 2,
        "52": 1,
        "37": 3,
        "44": 2,
        "55": 3,
        "41": 2,
        "12": 3,
        "47": 2,
        "45": 1,
        "60": 1,
        "56": 1,
        "74": 1,
        "27": 1,
        "69": 1,
        "72": 1,
        "26": 1,
        "15": 4,
        "58": 1,
        "53": 1,
        "66": 1
      },
      "3": {
        "13": 1,
        "23": 2,
        "25": 4,
        "64": 1,
        "69": 2,
        "18": 3,
        "4": 4,
        "14": 4,
        "1": 2,
        "7": 4,
        "16": 2,
        "30": 2,
        "35": 3,
        "49": 3,
        "57": 1,
        "60": 2,
        "5": 5,
        "15": 1,
        "12": 1,
        "74": 1,
        "45": 2,
        "76": 2,
        "2": 4,
        "8": 1,
        "11": 3,
        "55": 2,
        "24": 1,
        "33": 3,
        "61": 1,
        "22": 1,
        "85": 1,
        "10": 2,
        "28": 3,
        "32": 2,
        "17": 2,
        "37": 1,
        "47": 1,
        "3": 4,
        "19": 2,
        "62": 1,
        "71": 1,
        "6": 1,
        "54": 1,
        "41": 1,
        "51": 1
      },
      "4": {
        "1": 10,
        "2": 14,
        "3": 14,
        "6": 10,
        "7": 14,
        "14": 11,
        "19": 13,
        "21": 17,
        "22": 9,
        "23": 11,
        "25": 9,
        "29": 14,
        "30": 10,
        "31": 9,
        "34": 15,
        "35": 8,
        "38": 12,
        "40": 6,
        "39": 16,
        "44": 12,
        "48": 14,
        "49": 13,
        "51": 8,
        "53": 14,
        "54": 13,
        "55": 9,
        "56": 13,
        "57": 11,
        "58": 16,
        "61": 8,
        "64": 12,
        "66": 9,
        "69": 8,
        "70": 10,
        "72": 8,
        "73": 12,
        "75": 8,
        "76": 11,
        "77": 5,
        "80": 5,
        "81": 8,
        "82": 4,
        "83": 10,
        "85": 4,
        "86": 6,
        "84": 7,
        "87": 3,
        "88": 5,
        "89": 1,
        "91": 2,
        "92": 1,
        "90": 3,
        "93": 1,
        "94": 1,
        "4": 9,
        "5": 7,
        "9": 6,
        "10": 11,
        "11": 7,
        "12": 13,
        "16": 10,
        "20": 8,
        "28": 11,
        "32": 6,
        "36": 10,
        "43": 8,
        "59": 13,
        "8": 11,
        "13": 7,
        "17": 10,
        "18": 7,
        "24": 5,
        "26": 7,
        "37": 16,
        "15": 6,
        "27": 7,
        "33": 8,
        "41": 11,
        "42": 6,
        "47": 4,
        "50": 9,
        "52": 8,
        "60": 14,
        "62": 10,
        "71": 11,
        "74": 6,
        "45": 8,
        "46": 7,
        "67": 10,
        "78": 6,
        "79": 5,
        "63": 6,
        "65": 12,
        "68": 7
      },
      "5": {
        "1": 6,
        "3": 8,
        "14": 6,
        "19": 7,
        "21": 8,
        "22": 3,
        "23": 6,
        "25": 5,
        "34": 8,
        "35": 3,
        "38": 9,
        "40": 4,
        "44": 11,
        "51": 4,
        "53": 10,
        "54": 7,
        "55": 4,
        "58": 13,
        "64": 7,
        "66": 5,
        "70": 6,
        "72": 6,
        "81": 5,
        "82": 3,
        "85": 2,
        "86": 5,
        "84": 4,
        "87": 2,
        "88": 3,
        "91": 1,
        "92": 1,
        "4": 6,
        "5": 3,
        "10": 10,
        "11": 5,
        "12": 5,
        "20": 6,
        "28": 6,
        "30": 7,
        "31": 5,
        "36": 3,
        "39": 6,
        "43": 7,
        "49": 9,
        "56": 7,
        "57": 6,
        "59": 7,
        "60": 4,
        "42": 4,
        "2": 6,
        "6": 6,
        "7": 6,
        "8": 3,
        "13": 4,
        "18": 5,
        "24": 4,
        "29": 8,
        "32": 2,
        "15": 4,
        "27": 2,
        "33": 5,
        "37": 4,
        "41": 6,
        "47": 1,
        "48": 7,
        "50": 4,
        "52": 2,
        "61": 3,
        "62": 5,
        "69": 3,
        "73": 7,
        "74": 3,
        "75": 4,
        "76": 7,
        "77": 1,
        "9": 3,
        "17": 5,
        "45": 5,
        "46": 2,
        "67": 4,
        "71": 5,
        "78": 4,
        "80": 4,
        "83": 3,
        "90": 1,
        "16": 7,
        "65": 7,
        "68": 2,
        "26": 1,
        "63": 2,
        "79": 1
      }
    },
    "cum_accuracy_by_category_by_memory": {
      "2": {
        "39": 0.118,
        "3": 0.667,
        "7": 0,
        "9": 0.08,
        "18": 0,
        "21": 0,
        "25": 0,
        "31": 0,
        "35": 0,
        "37": 0.333,
        "47": 0,
        "51": 0.25,
        "56": 0,
        "64": 0,
        "70": 0,
        "75": 0,
        "78": 0.048,
        "80": 0.098,
        "83": 0,
        "84": 0,
        "87": 0,
        "88": 0,
        "90": 0,
        "1": 0.661,
        "2": 0.667,
        "4": 0.5,
        "5": 0.059,
        "8": 0.286,
        "10": 0.334,
        "14": 0,
        "15": 0,
        "16": 0.062,
        "19": 0.043,
        "23": 0,
        "11": 0.4,
        "13": 0,
        "26": 0.154,
        "29": 0.043,
        "32": 0.25,
        "33": 0,
        "38": 0,
        "41": 0,
        "46": 0,
        "49": 0,
        "54": 0,
        "55": 0,
        "57": 0.2,
        "60": 0,
        "24": 0,
        "28": 0,
        "30": 0.039,
        "36": 0,
        "40": 0,
        "45": 0.039,
        "22": 0,
        "27": 0,